{"cameraMode":{"drawMode":0,"name":"Shaded","section":"Shading Mode"},"sceneLighting":false,"audioPlay":false,"sceneViewState":{"showFog":true,"showMaterialUpdate":true,"showSkybox":true,"showFlares":true,"showImageEffects":true,"showParticleSystems":true},"in2DMode":false,"pivot":{"x":0.09082818031311035,"y":0.33151352405548098,"z":12.956449508666993},"rotation":{"x":0.1916365623474121,"y":0.16981272399425507,"z":-0.03368403762578964,"w":0.9660768508911133},"size":3.2969043254852297,"orthographic":false}