{"cameraMode":{"drawMode":0,"name":"Shaded","section":"Shading Mode"},"sceneLighting":false,"audioPlay":false,"sceneViewState":{"showFog":false,"showMaterialUpdate":false,"showSkybox":false,"showFlares":false,"showImageEffects":false,"showParticleSystems":false},"in2DMode":false,"pivot":{"x":0.010216116905212403,"y":0.5058760643005371,"z":0.06988531351089478},"rotation":{"x":0.04107397422194481,"y":0.6827458739280701,"z":-0.03849596902728081,"w":0.728484034538269},"size":3.070849895477295,"orthographic":false}