{"cameraMode":{"drawMode":0,"name":"Shaded","section":"Shading Mode"},"sceneLighting":false,"audioPlay":false,"sceneViewState":{"showFog":true,"showMaterialUpdate":true,"showSkybox":true,"showFlares":true,"showImageEffects":true,"showParticleSystems":true},"in2DMode":false,"pivot":{"x":-0.013012498617172242,"y":0.24945449829101563,"z":4.71999979019165},"rotation":{"x":0.1274958699941635,"y":-0.3336847424507141,"z":0.045604340732097629,"w":0.9329091906547546},"size":1.8108161687850953,"orthographic":false}