{"cameraMode":{"drawMode":0,"name":"Shaded","section":"Shading Mode"},"sceneLighting":false,"audioPlay":false,"sceneViewState":{"showFog":false,"showMaterialUpdate":false,"showSkybox":false,"showFlares":false,"showImageEffects":false,"showParticleSystems":false},"in2DMode":false,"pivot":{"x":0.010216116905212403,"y":0.5058760643005371,"z":3.1598851680755617},"rotation":{"x":0.03096078708767891,"y":-0.12054817378520966,"z":-0.0037410915829241277,"w":-0.9922175407409668},"size":3.070849895477295,"orthographic":false}