{"cameraMode":{"drawMode":0,"name":"Shaded","section":"Shading Mode"},"sceneLighting":false,"audioPlay":false,"sceneViewState":{"showFog":true,"showMaterialUpdate":true,"showSkybox":true,"showFlares":true,"showImageEffects":true,"showParticleSystems":true},"in2DMode":false,"pivot":{"x":0.0,"y":2.2899999618530275,"z":12.319999694824219},"rotation":{"x":0.04757174476981163,"y":0.7297034859657288,"z":-0.05103275552392006,"w":0.680195152759552},"size":2.1033456325531008,"orthographic":false}