{"cameraMode":{"drawMode":0,"name":"Shaded","section":"Shading Mode"},"sceneLighting":false,"audioPlay":false,"sceneViewState":{"showFog":true,"showMaterialUpdate":true,"showSkybox":true,"showFlares":true,"showImageEffects":true,"showParticleSystems":true},"in2DMode":false,"pivot":{"x":2.0,"y":0.9700000286102295,"z":10.175000190734864},"rotation":{"x":0.3366488814353943,"y":0.06912218779325485,"z":-0.024787144735455514,"w":0.9387626647949219},"size":11.37932014465332,"orthographic":false}