{"cameraMode":{"drawMode":0,"name":"Shaded","section":"Shading Mode"},"sceneLighting":false,"audioPlay":false,"sceneViewState":{"showFog":true,"showMaterialUpdate":true,"showSkybox":true,"showFlares":true,"showImageEffects":true,"showParticleSystems":true},"in2DMode":false,"pivot":{"x":0.0,"y":0.9700000286102295,"z":10.175000190734864},"rotation":{"x":0.1916365623474121,"y":0.16981272399425507,"z":-0.03368403762578964,"w":0.9660768508911133},"size":14.71764087677002,"orthographic":false}