{"cameraMode":{"drawMode":0,"name":"Shaded","section":"Shading Mode"},"sceneLighting":false,"audioPlay":false,"sceneViewState":{"showFog":true,"showMaterialUpdate":true,"showSkybox":true,"showFlares":true,"showImageEffects":true,"showParticleSystems":true},"in2DMode":false,"pivot":{"x":0.0,"y":0.7668203115463257,"z":9.205358505249024},"rotation":{"x":0.1274958699941635,"y":-0.3336847424507141,"z":0.045604340732097629,"w":0.9329091906547546},"size":17.682828903198243,"orthographic":false}