{"cameraMode":{"drawMode":0,"name":"Shaded","section":"Shading Mode"},"sceneLighting":false,"audioPlay":false,"sceneViewState":{"showFog":true,"showMaterialUpdate":true,"showSkybox":true,"showFlares":true,"showImageEffects":true,"showParticleSystems":true},"in2DMode":false,"pivot":{"x":0.2136315107345581,"y":0.9640529751777649,"z":5.065260410308838},"rotation":{"x":0.03583349660038948,"y":0.9338222146034241,"z":-0.09777478128671646,"w":0.3422456979751587},"size":11.539238929748536,"orthographic":false}