{"cameraMode":{"drawMode":0,"name":"Shaded","section":"Shading Mode"},"sceneLighting":false,"audioPlay":false,"sceneViewState":{"showFog":true,"showMaterialUpdate":true,"showSkybox":true,"showFlares":true,"showImageEffects":true,"showParticleSystems":true},"in2DMode":false,"pivot":{"x":0.0,"y":0.4378240704536438,"z":-0.016759634017944337},"rotation":{"x":0.0385536290705204,"y":0.6414893269538879,"z":-0.032309845089912418,"w":0.7654810547828674},"size":2.981858015060425,"orthographic":false}