{"cameraMode":{"drawMode":0,"name":"Shaded","section":"Shading Mode"},"sceneLighting":false,"audioPlay":false,"sceneViewState":{"showFog":true,"showMaterialUpdate":true,"showSkybox":true,"showFlares":true,"showImageEffects":true,"showParticleSystems":true},"in2DMode":false,"pivot":{"x":-0.04374051094055176,"y":1.0440335273742676,"z":-3.003477096557617},"rotation":{"x":0.0385536290705204,"y":0.6414893269538879,"z":-0.032309845089912418,"w":0.7654810547828674},"size":16.93449592590332,"orthographic":false}