{"cameraMode":{"drawMode":0,"name":"Shaded","section":"Shading Mode"},"sceneLighting":false,"audioPlay":false,"sceneViewState":{"showFog":true,"showMaterialUpdate":true,"showSkybox":true,"showFlares":true,"showImageEffects":true,"showParticleSystems":true},"in2DMode":false,"pivot":{"x":-0.013012498617172242,"y":0.24945449829101563,"z":27.100000381469728},"rotation":{"x":0.32471680641174319,"y":0.02411290630698204,"z":-0.008280369453132153,"w":0.9454676508903503},"size":1.8108171224594117,"orthographic":false}