{"cameraMode":{"drawMode":0,"name":"Shaded","section":"Shading Mode"},"sceneLighting":false,"audioPlay":false,"sceneViewState":{"showFog":false,"showMaterialUpdate":false,"showSkybox":false,"showFlares":false,"showImageEffects":false,"showParticleSystems":false},"in2DMode":false,"pivot":{"x":0.010216116905212403,"y":0.5058760643005371,"z":3.392885208129883},"rotation":{"x":-0.0025057769380509855,"y":0.9952951669692993,"z":-0.09314001351594925,"w":-0.026576271280646325},"size":3.070849895477295,"orthographic":false}