{"cameraMode":{"drawMode":0,"name":"Shaded","section":"Shading Mode"},"sceneLighting":false,"audioPlay":false,"sceneViewState":{"showFog":true,"showMaterialUpdate":true,"showSkybox":true,"showFlares":true,"showImageEffects":true,"showParticleSystems":true},"in2DMode":false,"pivot":{"x":-0.1499999761581421,"y":0.5199999809265137,"z":2.9800000190734865},"rotation":{"x":0.1916365623474121,"y":0.16981272399425507,"z":-0.03368403762578964,"w":0.9660768508911133},"size":7.372959136962891,"orthographic":false}