{"cameraMode":{"drawMode":0,"name":"Shaded","section":"Shading Mode"},"sceneLighting":false,"audioPlay":false,"sceneViewState":{"showFog":true,"showMaterialUpdate":true,"showSkybox":true,"showFlares":true,"showImageEffects":true,"showParticleSystems":true},"in2DMode":false,"pivot":{"x":2.9079973697662355,"y":0.21837195754051209,"z":-0.4464111328125},"rotation":{"x":0.03583349660038948,"y":0.9338222146034241,"z":-0.09777478128671646,"w":0.3422456979751587},"size":11.539238929748536,"orthographic":false}